{
    "Employees": [
        {
            "userId": "1",
            "jobTitleName": "Developer",
            "firstName": "Romin",
            "lastName": "Hope",
            "middleName": "Irani",
            "suffix": "RI",
            "altNType": "E",
            "actCode": "A",
            "phoneNumber": "408-1234567",
            "emailAddress": "romin.k.irani@gmail.com"
        },
        {
            "userId": "2",
            "jobTitleName": "Developer",
            "firstName": "Joseph",
            "lastName": "David",
            "middleName": "Abraham",
            "suffix": "mr",
            "altNType": "Z",
            "actCode": "N",
            "phoneNumber": "408-1111111",
            "emailAddress": "neilrirani@gmail.com"
        },
        {
            "userId": "3",
            "jobTitleName": "Program Directory",
            "firstName": "David",
            "lastName": "Joseph",
            "middleName": "Tom",
            "suffix": "Tom",
            "altNType": "S",
            "actCode": "A",
            "phoneNumber": "408-2222222",
            "emailAddress": "tomhanks@gmail.com"
        },
        {
            "userId": "4",
            "jobTitleName": "Program Directory",
            "firstName": "Robert",
            "lastName": "Downey",
            "middleName": "Jr.",
            "suffix": "Downey",
            "altNType": "L",
            "actCode": "A",
            "phoneNumber": "408-2222222",
            "emailAddress": "tomhanks@gmail.com"
        },
        {
            "userId": "5",
            "jobTitleName": "Program Directory",
            "firstName": "John",
            "lastName": "Hanks",
            "middleName": "Mark",
            "suffix": "Mark",
            "altNType": "P",
            "actCode": "N",
            "phoneNumber": "408-2222222",
            "emailAddress": "tomhanks@gmail.com"
        },
        {
            "userId": "6",
            "jobTitleName": "Program Directory",
            "firstName": "Tom",
            "lastName": "John",
            "middleName": "Irani",
            "suffix": "Tom Hanks",
            "altNType": "U",
            "actCode": "N",
            "phoneNumber": "408-2222222",
            "emailAddress": "tomhanks@gmail.com"
        },
        {
            "userId": "7",
            "jobTitleName": "Program Directory",
            "firstName": "Rohan",
            "lastName": "Roy",
            "middleName": "Irani",
            "suffix": "Tom Hanks",
            "altNType": "U",
            "actCode": "N",
            "phoneNumber": "408-2222222",
            "emailAddress": "tomhanks@gmail.com"
        },
        {
            "userId": "8",
            "jobTitleName": "Program Directory",
            "firstName": "Rohan",
            "lastName": "Roy",
            "middleName": "Irani",
            "suffix": "Tom Hanks",
            "altNType": "U",
            "actCode": "N",
            "phoneNumber": "408-2222222",
            "emailAddress": "tomhanks@gmail.com"
        },
        {
            "userId": "9",
            "jobTitleName": "Program Directory",
            "firstName": "Rahul",
            "lastName": "Roy",
            "middleName": "Irani",
            "suffix": "Tom Hanks",
            "altNType": "U",
            "actCode": "N",
            "phoneNumber": "408-2222222",
            "emailAddress": "tomhanks@gmail.com"
        },
        {
            "userId": "10",
            "jobTitleName": "Program Directory",
            "firstName": "Rohan10",
            "lastName": "Roy",
            "middleName": "Irani",
            "suffix": "Tom Hanks",
            "altNType": "U",
            "actCode": "N",
            "phoneNumber": "408-2222222",
            "emailAddress": "tomhanks@gmail.com"
        },
        {
            "userId": "11",
            "jobTitleName": "Program Directory",
            "firstName": "Rohan11",
            "lastName": "Roy",
            "middleName": "Irani",
            "suffix": "Tom Hanks",
            "altNType": "U",
            "actCode": "N",
            "phoneNumber": "408-2222222",
            "emailAddress": "tomhanks@gmail.com"
        }
    ],
    "arr": [
        1,
        2,
        3,4,5,6,7,8,9,10,11,12,13,14,15,16,17,18,19,20
    ]
}